"","id","county","non_wa_percentage","tot_pop","num_HH","median_HH_income","five_mg_percentage","ten_mg_percentage"
"1","0500000US01003","Baldwin County, Alabama",0.167762244672291,212521,82325,56439,0.0114192495921697,NA
"2","0500000US01015","Calhoun County, Alabama",0.277081335541801,114710,44636,48156,0.00755939524838013,NA
"3","0500000US01043","Cullman County, Alabama",0.0795732921428313,82867,32090,50906,NA,NA
"4","0500000US01049","DeKalb County, Alabama",0.19551492923835,71437,24880,44208,NA,NA
"5","0500000US01051","Elmore County, Alabama",0.266377637493552,81422,30712,61854,NA,NA
"6","0500000US01055","Etowah County, Alabama",0.220586950401429,103007,40053,41447,0.0186915887850467,NA
"7","0500000US01069","Houston County, Alabama",0.332100634233268,104378,39761,50103,NA,NA
"8","0500000US01073","Jefferson County, Alabama",0.500554124551432,659599,264753,53944,0.0168032786885246,0.00471311475409836
"9","0500000US01077","Lauderdale County, Alabama",0.152489088630569,92564,38761,46632,NA,NA
"10","0500000US01081","Lee County, Alabama",0.324708870168484,161440,64448,53712,NA,NA
"11","0500000US01083","Limestone County, Alabama",0.233698077127377,94130,32020,63695,NA,NA
"12","0500000US01089","Madison County, Alabama",0.352422310801024,361762,155878,67930,NA,NA
"13","0500000US01095","Marshall County, Alabama",0.190693927091617,95572,35330,49467,0.00857142857142857,NA
"14","0500000US01097","Mobile County, Alabama",0.429612723254719,414045,155946,49639,0.0174149659863946,0.00299319727891156
"15","0500000US01101","Montgomery County, Alabama",0.661302884298066,227265,88864,53117,0.0104895104895105,0.00524475524475525
"16","0500000US01103","Morgan County, Alabama",0.243285289022688,118918,46470,54338,NA,NA
"17","0500000US01115","St. Clair County, Alabama",0.140686486363533,87926,32829,67487,NA,NA
"18","0500000US01117","Shelby County, Alabama",0.218800466220106,213633,84048,75614,0.0146443514644351,NA
"19","0500000US01121","Talladega County, Alabama",0.372064585360984,80142,30602,50147,NA,NA
"20","0500000US01125","Tuscaloosa County, Alabama",0.384667996031173,207618,74259,52243,NA,NA
"21","0500000US01127","Walker County, Alabama",0.109226074027702,63895,25153,46283,NA,NA
"22","0500000US04001","Apache County, Arizona",0.818156405059753,71545,20925,30480,NA,NA
"23","0500000US04003","Cochise County, Arizona",0.448856355715018,124864,51982,48484,0.00691489361702128,NA
"24","0500000US04005","Coconino County, Arizona",0.459429365749179,141001,48993,58085,NA,NA
"25","0500000US04013","Maricopa County, Arizona",0.446129861822377,4327184,1611722,68649,0.00236237776068564,0.00065926821228436
"26","0500000US04015","Mohave County, Arizona",0.225445253288377,207017,91095,50179,NA,NA
"27","0500000US04017","Navajo County, Arizona",0.584365459896039,109079,38732,38897,0.0097799511002445,NA
"28","0500000US04019","Pima County, Arizona",0.482042418532509,1026391,410404,56169,0.00226406101048618,NA
"29","0500000US04021","Pinal County, Arizona",0.430747235635966,431564,153413,62057,NA,NA
"30","0500000US04025","Yavapai County, Arizona",0.194785208828404,228082,102784,53816,NA,NA
"31","0500000US08001","Adams County, Colorado",0.498085744355527,503590,171977,75804,0.0125,0.00238095238095238
"32","0500000US08005","Arapahoe County, Colorado",0.395510785472894,644478,246302,82710,0.00988421349901158,0.00254165489974583
"33","0500000US08013","Boulder County, Colorado",0.222654687214095,322441,131854,88535,NA,NA
"34","0500000US08014","Broomfield County, Colorado",0.230212560244935,68263,28062,111400,NA,NA
"35","0500000US08031","Denver County, Colorado",0.456403971283518,704961,318445,75646,0.00913317834606443,0.00199269345732315
"36","0500000US08035","Douglas County, Colorado",0.173913690830693,335816,127476,122867,0.0104166666666667,NA
"37","0500000US08041","El Paso County, Colorado",0.306302394375653,700099,265798,72830,0.0146718146718147,NA
"38","0500000US08059","Jefferson County, Colorado",0.217086043686579,575417,236496,90040,0.00597269624573379,0.00255972696245734
"39","0500000US08069","Larimer County, Colorado",0.172123667476546,344084,146638,75186,NA,NA
"40","0500000US08077","Mesa County, Colorado",0.184844876628961,151170,63644,60500,NA,NA
"41","0500000US08101","Pueblo County, Colorado",0.478196809054443,166283,66111,51276,0.0205761316872428,NA
"42","0500000US08123","Weld County, Colorado",0.341680696993968,305885,111298,78615,0.00975134080936129,0.00390053632374451
"43","0500000US09001","Fairfield County, Connecticut",0.377622110667863,943038,340557,97053,0.0173521549500539,0.0050649533367725
"44","0500000US09003","Hartford County, Connecticut",0.386933474866641,893076,353234,75381,0.0174552876094312,0.00580052634405715
"45","0500000US09005","Litchfield County, Connecticut",0.112634655716228,181667,73969,81195,0.0170375521557719,0.00382475660639777
"46","0500000US09007","Middlesex County, Connecticut",0.15899522529489,162942,66884,76518,0.0103434009102193,0.00413736036408771
"47","0500000US09009","New Haven County, Connecticut",0.368590774912911,857748,329006,69751,0.031437125748503,0.00883233532934132
"48","0500000US09011","New London County, Connecticut",0.241355326285716,267419,109752,75633,0.0201646090534979,0.00781893004115226
"49","0500000US09013","Tolland County, Connecticut",0.15234191339589,151009,56749,91028,0.0142296368989205,0.00441609421000981
"50","0500000US09015","Windham County, Connecticut",0.172004673619822,116398,47015,62106,0.0314064633591261,0.00773782430587164
"51","0500000US10001","Kent County, Delaware",0.381854854701726,176499,68023,58001,NA,NA
"52","0500000US10003","New Castle County, Delaware",0.424601061916342,555976,211592,76328,0.0135831381733021,NA
"53","0500000US10005","Sussex County, Delaware",0.247379071799169,224348,96624,65155,0.00770547945205479,NA
"54","0500000US11001","District of Columbia, District of Columbia",0.632471154371958,694906,291570,92266,0.00757775434897206,0.00210859251449657
"55","0500000US12001","Alachua County, Florida",0.387238133146082,266309,103024,49534,0.0263157894736842,NA
"56","0500000US12005","Bay County, Florida",0.237154642300364,184736,69195,59450,0.0231023102310231,NA
"57","0500000US12009","Brevard County, Florida",0.254116838417814,587769,230043,57305,0.00779007790077901,NA
"58","0500000US12011","Broward County, Florida",0.634687952955675,1934516,705472,61502,0.00981850639690568,0.00163641773281761
"59","0500000US12015","Charlotte County, Florida",0.158250790537786,181522,76589,54652,0.011437908496732,NA
"60","0500000US12017","Citrus County, Florida",0.118495340920813,145415,64448,50751,0.0172910662824208,NA
"61","0500000US12019","Clay County, Florida",0.270996287012081,212228,75793,76687,0.0110253583241455,NA
"62","0500000US12021","Collier County, Florida",0.370569231347168,372678,140578,76025,0.0213640098603122,NA
"63","0500000US12023","Columbia County, Florida",0.274546779239703,69999,25240,47094,0.0376068376068376,NA
"64","0500000US12031","Duval County, Florida",0.468309570086563,937933,368668,58415,0.0419370153505301,0.00490583953157145
"65","0500000US12033","Escambia County, Florida",0.35553824593215,313249,120618,53136,0.00998573466476462,NA
"66","0500000US12035","Flagler County, Florida",0.249574996136328,109999,44464,60204,0.0323741007194245,NA
"67","0500000US12053","Hernando County, Florida",0.218688405176108,186704,78755,51031,0.00757575757575758,NA
"68","0500000US12055","Highlands County, Florida",0.3285252089512,103852,43351,48698,0.0288784419073203,NA
"69","0500000US12057","Hillsborough County, Florida",0.510034091801146,1426736,541584,61154,0.0164032209961229,0.00167014613778706
"70","0500000US12061","Indian River County, Florida",0.245382226515648,154241,63917,59782,0.0172512938470385,NA
"71","0500000US12069","Lake County, Florida",0.298243938025429,345432,139192,57588,0.0214435146443515,NA
"72","0500000US12071","Lee County, Florida",0.325312162162162,740000,286887,62240,0.010439235769155,0.00137876698837896
"73","0500000US12073","Leon County, Florida",0.433141443128899,290965,116283,54929,0.0217669654289373,NA
"74","0500000US12081","Manatee County, Florida",0.286568821237542,385506,145171,64499,0.00608108108108108,0.00202702702702703
"75","0500000US12083","Marion County, Florida",0.293536801768274,353339,145622,49576,0.031055900621118,NA
"76","0500000US12085","Martin County, Florida",0.215997395132153,159701,65014,70842,0.0175438596491228,NA
"77","0500000US12086","Miami-Dade County, Florida",0.866753154375031,2713295,912805,55171,0.0124392262335782,0.00157753180924796
"78","0500000US12087","Monroe County, Florida",0.33661075010133,76483,32839,68589,NA,NA
"79","0500000US12089","Nassau County, Florida",0.129020198974977,82925,35212,70939,0.0397727272727273,NA
"80","0500000US12091","Okaloosa County, Florida",0.262087301821327,203478,76097,64222,0.0137551581843191,NA
"81","0500000US12095","Orange County, Florida",0.595674821763215,1355921,457949,63461,0.0165052027269465,NA
"82","0500000US12097","Osceola County, Florida",0.679851140904296,353623,111539,51760,0.0083210964268233,NA
"83","0500000US12099","Palm Beach County, Florida",0.451563715701904,1470344,568915,66623,0.0143465045592705,0.00139817629179331
"84","0500000US12101","Pasco County, Florida",0.251720966369032,525141,212856,55828,0.018640350877193,0.00219298245614035
"85","0500000US12103","Pinellas County, Florida",0.257840987833831,968341,395286,56737,0.0188314823756639,0.00193143408981169
"86","0500000US12105","Polk County, Florida",0.407171038040877,685368,238629,51833,0.0239963779052219,0.00196196800482946
"87","0500000US12107","Putnam County, Florida",0.285034884988553,73384,30866,42899,0.0422764227642276,NA
"88","0500000US12109","St. Johns County, Florida",0.171564222197601,243693,94761,90356,0.0421940928270042,NA
"89","0500000US12111","St. Lucie County, Florida",0.425276932460093,313163,116900,58039,0.014050901378579,0.00265111346765642
"90","0500000US12113","Santa Rosa County, Florida",0.173238570747318,174049,66187,64930,NA,NA
"91","0500000US12115","Sarasota County, Florida",0.167093976362943,419680,187411,66342,0.0148317170564746,NA
"92","0500000US12117","Seminole County, Florida",0.395027236328357,462801,181142,70190,0.0363636363636364,NA
"93","0500000US12119","Sumter County, Florida",0.147269890795632,124995,59458,60287,0.0194647201946472,NA
"94","0500000US12127","Volusia County, Florida",0.281392460603717,537868,219451,53766,0.0341839191141069,NA
"95","0500000US12131","Walton County, Florida",0.157760103497449,68021,26475,60457,NA,NA
"96","0500000US13013","Barrow County, Georgia",0.283374947717969,78899,27765,69890,NA,NA
"97","0500000US13015","Bartow County, Georgia",0.224228815010752,105098,39742,59911,NA,NA
"98","0500000US13021","Bibb County, Georgia",0.616389688563203,152840,56726,42140,0.0319148936170213,0.00967117988394584
"99","0500000US13031","Bulloch County, Georgia",0.36339829716677,75991,28660,50436,NA,NA
"100","0500000US13045","Carroll County, Georgia",0.289666922225062,117390,42798,61133,0.00625,NA
"101","0500000US13047","Catoosa County, Georgia",0.091134671779833,66495,24130,61487,NA,NA
"102","0500000US13051","Chatham County, Georgia",0.513831232350186,289309,107987,57611,0.010290986515259,0.00248403122782115
"103","0500000US13057","Cherokee County, Georgia",0.210055577305732,247763,93441,86404,0.00459418070444104,NA
"104","0500000US13059","Clarke County, Georgia",0.449158222607736,126815,52124,39799,NA,NA
"105","0500000US13063","Clayton County, Georgia",0.899322270078541,284184,97030,51093,0.00394607037158829,NA
"106","0500000US13067","Cobb County, Georgia",0.478294663249403,752649,286952,79601,0.00193730186685453,NA
"107","0500000US13073","Columbia County, Georgia",0.312006282625768,151529,46890,88761,NA,NA
"108","0500000US13077","Coweta County, Georgia",0.288684135156092,143153,53640,78423,NA,NA
"109","0500000US13089","DeKalb County, Georgia",0.70728298028691,751176,289829,63652,0.00165380374862183,NA
"110","0500000US13095","Dougherty County, Georgia",0.746749835116313,89457,32630,35062,0.00606060606060606,NA
"111","0500000US13097","Douglas County, Georgia",0.593097868541457,143376,48899,62669,0.00458015267175573,NA
"112","0500000US13113","Fayette County, Georgia",0.375467557506242,112553,41253,92172,NA,NA
"113","0500000US13115","Floyd County, Georgia",0.286574358974359,97500,35443,50880,NA,NA
"114","0500000US13117","Forsyth County, Georgia",0.281292041582948,228940,81765,112108,NA,NA
"115","0500000US13121","Fulton County, Georgia",0.600517066465949,1038938,439578,80013,0.00321998969603297,NA
"116","0500000US13127","Glynn County, Georgia",0.361369943903159,84675,34614,59004,NA,NA
"117","0500000US13135","Gwinnett County, Georgia",0.624870124353889,918186,301471,72109,0.00243341895362985,NA
"118","0500000US13139","Hall County, Georgia",0.390599789900127,198953,65625,67467,0.00326370757180157,NA
"119","0500000US13151","Henry County, Georgia",0.562660425788917,225182,79550,71939,NA,NA
"120","0500000US13153","Houston County, Georgia",0.43577107348468,153202,58417,66740,0.00337837837837838,NA
"121","0500000US13157","Jackson County, Georgia",0.180444680976879,67644,25180,65063,NA,NA
"122","0500000US13185","Lowndes County, Georgia",0.46045197740113,115404,42639,45683,NA,NA
"123","0500000US13215","Muscogee County, Georgia",0.595436348253162,193836,73134,46934,0.00546946216955333,NA
"124","0500000US13217","Newton County, Georgia",0.533603471616935,107846,37867,57254,NA,NA
"125","0500000US13223","Paulding County, Georgia",0.287281595395871,159509,56476,75800,NA,NA
"126","0500000US13245","Richmond County, Georgia",0.650855592964849,201673,68361,44973,0.0065359477124183,NA
"127","0500000US13247","Rockdale County, Georgia",0.68279109112563,89843,32792,60560,NA,NA
"128","0500000US13255","Spalding County, Georgia",0.414012056672481,65358,25339,51677,NA,NA
"129","0500000US13285","Troup County, Georgia",0.436013816334104,70062,24436,46198,NA,NA
"130","0500000US13295","Walker County, Georgia",0.0896244873114103,68999,26760,47856,NA,NA
"131","0500000US13297","Walton County, Georgia",0.250208114265685,91296,33350,66176,NA,NA
"132","0500000US13313","Whitfield County, Georgia",0.414883819099334,104234,34518,52198,NA,NA
"133","0500000US17001","Adams County, Illinois",0.0817021663109133,66057,26993,55727,0.0459882583170254,0.0117416829745597
"134","0500000US17019","Champaign County, Illinois",0.327147439705358,210425,81764,52405,NA,NA
"135","0500000US17031","Cook County, Illinois",0.575738330544351,5200821,1985613,69429,0.0480090369951991,0.0196978254730302
"136","0500000US17037","DeKalb County, Illinois",0.230143132423856,104309,39330,64131,0.0159529806884971,NA
"137","0500000US17043","DuPage County, Illinois",0.329723250901625,930265,342195,96403,0.00626204238921002,0.00289017341040462
"138","0500000US17089","Kane County, Illinois",0.427976673580425,532272,182223,84368,0.0141169403283941,0.00470564677613136
"139","0500000US17091","Kankakee County, Illinois",0.279627284240999,110540,39583,60923,0.0167448091091762,0.00602813127930342
"140","0500000US17093","Kendall County, Illinois",0.303736762001395,126152,41364,104858,0.00970873786407767,NA
"141","0500000US17097","Lake County, Illinois",0.382303996583508,702475,247661,92511,0.0116976166106156,0.00350928498318468
"142","0500000US17099","LaSalle County, Illinois",0.145125978362008,109622,45411,59130,0.0443121693121693,0.0178571428571429
"143","0500000US17111","McHenry County, Illinois",0.187885580624726,307815,112669,88879,0.0046265697290152,NA
"144","0500000US17113","McLean County, Illinois",0.204012642254304,172754,65118,68784,0.0168302945301543,0.00420757363253857
"145","0500000US17115","Macon County, Illinois",0.236188199129024,105399,42741,50839,0.0283062645011601,0.0139211136890951
"146","0500000US17119","Madison County, Illinois",0.149179456439372,265251,108104,67440,0.0190677966101695,0.00677966101694915
"147","0500000US17143","Peoria County, Illinois",0.29955348582386,182525,73666,57247,0.0895208004212744,0.028436018957346
"148","0500000US17161","Rock Island County, Illinois",0.281725394220875,143828,60618,58313,0.022674687644609,0.011105969458584
"149","0500000US17163","St. Clair County, Illinois",0.381919268849962,262600,106156,57169,0.00840941854877463,0.00336376741950985
"150","0500000US17167","Sangamon County, Illinois",0.195928391653812,197072,83263,61280,0.0220492866407263,0.00907911802853437
"151","0500000US17179","Tazewell County, Illinois",0.0600573830053412,133489,53127,65848,0.102473498233216,0.0459363957597173
"152","0500000US17183","Vermilion County, Illinois",0.217997399889302,77689,31154,43111,0.0280296784830998,0.0090684253915911
"153","0500000US17197","Will County, Illinois",0.36223114678361,690479,230136,90134,0.00699504517633343,0.00320606237248616
"154","0500000US17199","Williamson County, Illinois",0.102089516622172,67049,27650,58097,NA,NA
"155","0500000US17201","Winnebago County, Illinois",0.307684741868969,284681,114833,59455,0.0323184215002551,0.00850484776322504
"156","0500000US18003","Allen County, Indiana",0.259322129650304,371723,146280,56519,NA,NA
"157","0500000US18005","Bartholomew County, Indiana",0.178913310546994,82213,30383,72555,0.0170827858081472,NA
"158","0500000US18011","Boone County, Indiana",0.0934071786132709,65723,26803,70813,NA,NA
"159","0500000US18019","Clark County, Indiana",0.165498305375606,116545,43704,59064,0.00481430536451169,NA
"160","0500000US18035","Delaware County, Indiana",0.131084809884942,115246,45640,45065,0.0284301606922126,0.00988875154511743
"161","0500000US18039","Elkhart County, Indiana",0.249581280546931,204194,68553,54531,0.0194479297365119,NA
"162","0500000US18043","Floyd County, Indiana",0.119938706074851,77006,28544,63219,NA,NA
"163","0500000US18053","Grant County, Indiana",0.150757861398085,66305,27127,47206,0.00753295668549906,NA
"164","0500000US18057","Hamilton County, Indiana",0.161538151876705,322933,125328,105062,NA,NA
"165","0500000US18059","Hancock County, Indiana",0.075082002186725,74998,28985,69392,NA,NA
"166","0500000US18063","Hendricks County, Indiana",0.15357348033883,163622,61105,85381,NA,NA
"167","0500000US18067","Howard County, Indiana",0.146344726918866,82210,34151,53440,NA,NA
"168","0500000US18081","Johnson County, Indiana",0.107970354960343,153820,57160,73651,0.00997506234413965,NA
"169","0500000US18085","Kosciusko County, Indiana",0.116075721914307,79026,30991,64099,0.0135135135135135,NA
"170","0500000US18089","Lake County, Indiana",0.457256588409846,484601,190135,57081,0.013986013986014,0.00445009535918627
"171","0500000US18091","LaPorte County, Indiana",0.207179403142696,109842,43100,56019,NA,NA
"172","0500000US18095","Madison County, Indiana",0.150419570693412,129418,51164,55142,0.0113141862489121,NA
"173","0500000US18097","Marion County, Indiana",0.445204131980133,950537,379451,50458,0.0377522869173806,0.0098736750399303
"174","0500000US18105","Monroe County, Indiana",0.163218265388235,146638,54053,52453,NA,NA
"175","0500000US18109","Morgan County, Indiana",0.0389867178656885,69793,25863,62862,NA,NA
"176","0500000US18127","Porter County, Indiana",0.166930769459034,168495,65305,72483,0.00769230769230769,NA
"177","0500000US18141","St. Joseph County, Indiana",0.27177595840878,270057,105250,53456,0.0294934073560028,0.0100624566273421
"178","0500000US18157","Tippecanoe County, Indiana",0.239316105209755,191199,73916,49352,0.016109785202864,0.00775656324582339
"179","0500000US18163","Vanderburgh County, Indiana",0.163140908739238,180954,75522,51350,0.0234848484848485,0.00984848484848485
"180","0500000US18167","Vigo County, Indiana",0.142968699160539,107569,42193,48013,0.0179487179487179,0.00512820512820513
"181","0500000US19013","Black Hawk County, Iowa",0.187328906970765,132238,51869,60506,0.0690571049136786,0.0132802124833997
"182","0500000US19049","Dallas County, Iowa",0.144069351435648,87208,36878,94885,NA,NA
"183","0500000US19061","Dubuque County, Iowa",0.0940803164856902,97066,38345,62178,0.882978723404255,0.0106382978723404
"184","0500000US19103","Johnson County, Iowa",0.21542273564373,149325,60782,66011,0.00575079872204473,NA
"185","0500000US19113","Linn County, Iowa",0.139763525107073,224379,93843,63559,0.0607718894009217,0.00432027649769585
"186","0500000US19153","Polk County, Iowa",0.223227683579368,480487,197731,66918,0.00901117385558092,0.00276342664904482
"187","0500000US19155","Pottawattamie County, Iowa",0.122741286289287,93416,37344,60056,0.0128388017118402,0.00998573466476462
"188","0500000US19163","Scott County, Iowa",0.199022313972908,172448,68534,65122,0.0295942720763723,0.0119331742243437
"189","0500000US19169","Story County, Iowa",0.162616418923086,97278,39168,63107,0.0081537565521258,NA
"190","0500000US19193","Woodbury County, Iowa",0.268055065993029,102132,39733,58945,0.0290344361917623,0.012153950033761
"191","0500000US20015","Butler County, Kansas",0.110569227316927,66845,25004,61951,NA,NA
"192","0500000US20045","Douglas County, Kansas",0.215378987537516,120281,48508,64233,NA,NA
"193","0500000US20091","Johnson County, Kansas",0.199509559364457,591305,231960,91771,0.00602409638554217,NA
"194","0500000US20103","Leavenworth County, Kansas",0.211604137641939,81109,27860,77070,0.0198473282442748,NA
"195","0500000US20161","Riley County, Kansas",0.23101774875975,73977,25662,50920,0.029810298102981,NA
"196","0500000US20173","Sedgwick County, Kansas",0.31762592171107,513176,199517,59716,0.0142036869144757,0.00362647325475975
"197","0500000US20177","Shawnee County, Kansas",0.25973850923305,178056,73172,59441,0.0442086648983201,0.00795755968169761
"198","0500000US20209","Wyandotte County, Kansas",0.589640613736999,165087,61248,46964,0.0268872802481903,0.0062047569803516
"199","0500000US21015","Boone County, Kentucky",0.12201417313214,130952,48770,76443,NA,NA
"200","0500000US21029","Bullitt County, Kentucky",0.0541803186784438,80269,30553,65560,NA,NA
"201","0500000US21037","Campbell County, Kentucky",0.0763474665690476,92878,38110,66439,0.0687022900763359,NA
"202","0500000US21047","Christian County, Kentucky",0.343954156341518,71024,26209,47445,NA,NA
"203","0500000US21059","Daviess County, Kentucky",0.11857337673326,100461,40800,50964,NA,NA
"204","0500000US21067","Fayette County, Kentucky",0.287137692412816,321964,131929,58356,0.0116086235489221,NA
"205","0500000US21093","Hardin County, Kentucky",0.23976294597868,108161,42644,57463,NA,NA
"206","0500000US21111","Jefferson County, Kentucky",0.324324394540079,769828,316174,59049,NA,NA
"207","0500000US21117","Kenton County, Kentucky",0.115199748804406,165608,65362,68849,0.036144578313253,0.0103270223752151
"208","0500000US21145","McCracken County, Kentucky",0.165687534422618,65364,28363,45084,NA,NA
"209","0500000US21151","Madison County, Kentucky",0.103202807941209,91170,34270,49421,NA,NA
"210","0500000US21185","Oldham County, Kentucky",0.117763721321574,66557,20761,97968,NA,NA
"211","0500000US21227","Warren County, Kentucky",0.214667555045943,129074,50489,52645,NA,NA
"212","0500000US22005","Ascension Parish, Louisiana",0.313061691711927,123177,44267,85425,NA,NA
"213","0500000US22015","Bossier Parish, Louisiana",0.330917855370631,126959,49735,49962,NA,NA
"214","0500000US22017","Caddo Parish, Louisiana",0.550978917193567,245935,92589,45537,0.0137090632140137,0.00837776085300838
"215","0500000US22019","Calcasieu Parish, Louisiana",0.324745883259411,202466,77232,51246,NA,NA
"216","0500000US22033","East Baton Rouge Parish, Louisiana",0.55191885015219,444511,161536,56451,0.0052434456928839,NA
"217","0500000US22045","Iberia Parish, Louisiana",0.41028312633714,71982,26185,50991,NA,NA
"218","0500000US22051","Jefferson Parish, Louisiana",0.471288113985408,436126,171991,56069,0.00689127105666156,NA
"219","0500000US22055","Lafayette Parish, Louisiana",0.342312083257499,241756,94490,60567,NA,NA
"220","0500000US22057","Lafourche Parish, Louisiana",0.23196396359671,98123,36759,51339,NA,NA
"221","0500000US22063","Livingston Parish, Louisiana",0.121456372719879,137712,47014,62187,NA,NA
"222","0500000US22071","Orleans Parish, Louisiana",0.691718625875814,391493,151753,45615,0.0261394101876676,0.014745308310992
"223","0500000US22073","Ouachita Parish, Louisiana",0.41822755244127,155841,57835,41137,0.0160919540229885,NA
"224","0500000US22079","Rapides Parish, Louisiana",0.387846373035283,131253,48975,50490,0.0309278350515464,NA
"225","0500000US22097","St. Landry Parish, Louisiana",0.453761896211169,83535,30441,38681,NA,NA
"226","0500000US22103","St. Tammany Parish, Louisiana",0.212116238995628,255921,94988,69076,NA,NA
"227","0500000US22105","Tangipahoa Parish, Louisiana",0.368363391838493,132353,46526,47825,0.0384615384615385,NA
"228","0500000US22109","Terrebonne Parish, Louisiana",0.332972644268174,111823,40173,48446,NA,NA
"229","0500000US23001","Androscoggin County, Maine",0.093911488933789,107399,45924,63813,0.0514563106796116,0.016504854368932
"230","0500000US23003","Aroostook County, Maine",0.0588087384815631,67609,30197,38768,0.0143790849673203,NA
"231","0500000US23005","Cumberland County, Maine",0.0954168820012252,292181,124925,76059,0.0418230563002681,0.00697050938337802
"232","0500000US23011","Kennebec County, Maine",0.0536366097134842,121913,54480,55389,0.0192012288786482,0.00614439324116743
"233","0500000US23019","Penobscot County, Maine",0.0619736885489136,151645,64096,50449,0.0132963988919668,NA
"234","0500000US24001","Allegany County, Maryland",0.129204507231752,71352,26549,48867,0.02088772845953,0.00522193211488251
"235","0500000US24003","Anne Arundel County, Maryland",0.31510014194725,571339,216200,101147,0.0032204789430223,0.00082576383154417
"236","0500000US24005","Baltimore County, Maryland",0.426024413349504,828645,312466,77358,0.00997973657548126,0.00141843971631206
"237","0500000US24009","Calvert County, Maryland",0.217181604418439,91435,32780,112380,0.00655021834061135,NA
"238","0500000US24013","Carroll County, Maryland",0.108530740628003,167547,60617,103014,0.0063770426464727,NA
"239","0500000US24015","Cecil County, Maryland",0.148700119147606,102394,38547,76441,0.00689259046524986,NA
"240","0500000US24017","Charles County, Maryland",0.596713703355284,159450,57732,103932,0.0022883295194508,NA
"241","0500000US24021","Frederick County, Maryland",0.262179696914078,250622,93768,103516,0.00305401794235541,0.00133613284978049
"242","0500000US24025","Harford County, Maryland",0.238503442415965,251858,96203,92331,0.00310880829015544,NA
"243","0500000US24027","Howard County, Maryland",0.476380653467021,319251,115772,121618,0.0082907038278356,0.00229317339918857
"244","0500000US24031","Montgomery County, Maryland",0.559022450808256,1046822,368897,110389,0.00382588327152059,0.00085887175483115
"245","0500000US24033","Prince George's County, Maryland",0.872273978927235,909705,316361,86290,0.0123755949805279,0.00328861964517525
"246","0500000US24037","St. Mary's County, Maryland",0.25727417390454,112487,40320,87947,NA,NA
"247","0500000US24043","Washington County, Maryland",0.210003396173644,150169,56225,59140,0.0088809946714032,0.00213143872113677
"248","0500000US24045","Wicomico County, Maryland",0.370115009975355,102252,38088,54402,0.0131868131868132,0.00263736263736264
"249","0500000US24510","Baltimore city, Maryland",0.723429558004262,610481,242694,50177,0.0416611993176748,0.00898832174255347
"250","0500000US25001","Barnstable County, Massachusetts",0.0992176270361128,213581,96509,85042,0.00380420999239158,NA
"251","0500000US25003","Berkshire County, Massachusetts",0.115937096863549,126353,53792,58895,0.0160427807486631,0.00267379679144385
"252","0500000US25005","Bristol County, Massachusetts",0.168367083169175,560941,220528,70402,0.0148391541682124,0.00381578250039748
"253","0500000US25009","Essex County, Massachusetts",0.294035461652897,784453,297898,83810,0.0126668431202027,0.0030249177600484
"254","0500000US25011","Franklin County, Massachusetts",0.0920897953402734,70605,30927,60018,0.0342516753536858,0.00670141474311243
"255","0500000US25013","Hampden County, Massachusetts",0.372123453886531,467705,179970,60161,0.0266169642273233,0.0045124583088091
"256","0500000US25015","Hampshire County, Massachusetts",0.162115013316613,161077,60002,74778,0.02526395173454,0.00641025641025641
"257","0500000US25017","Middlesex County, Massachusetts",0.275875763664918,1603943,612366,107056,0.00946320435184235,0.0023811967566458
"258","0500000US25021","Norfolk County, Massachusetts",0.2462478536224,700599,269717,107361,0.00730642867650664,0.00156916589025646
"259","0500000US25023","Plymouth County, Massachusetts",0.178349089455846,515461,191041,90880,0.0136796318476959,0.00271071045829919
"260","0500000US25025","Suffolk County, Massachusetts",0.547564578686973,800806,309945,77558,0.0157087414525966,0.00310478654592497
"261","0500000US26005","Allegan County, Michigan",0.115229272652276,116368,43667,66278,0.00981996726677578,NA
"262","0500000US26017","Bay County, Michigan",0.0991782401845356,104045,44887,49610,0.00986842105263158,NA
"263","0500000US26021","Berrien County, Michigan",0.250006488113776,154128,61809,50153,0.0131108462455304,0.00417163289630513
"264","0500000US26025","Calhoun County, Michigan",0.225026084364287,134180,53827,49055,0.0384093990058744,0.0126525079078174
"265","0500000US26037","Clinton County, Michigan",0.100871270985657,78506,30070,69651,NA,NA
"266","0500000US26045","Eaton County, Michigan",0.170579959070311,109456,44420,65409,0.0116009280742459,NA
"267","0500000US26049","Genesee County, Michigan",0.27401543112926,407488,169247,50389,0.0114827201783724,0.00356744704570792
"268","0500000US26055","Grand Traverse County, Michigan",0.0708348313015438,91791,37408,65266,NA,NA
"269","0500000US26065","Ingham County, Michigan",0.30334088994514,292018,114534,54395,0.0166767738023044,0.00485142510612492
"270","0500000US26073","Isabella County, Michigan",0.144800709090142,71077,24690,45201,NA,NA
"271","0500000US26075","Jackson County, Michigan",0.152217099827829,158563,61403,55124,0.0158590308370044,0.0052863436123348
"272","0500000US26077","Kalamazoo County, Michigan",0.224108168122952,262998,103196,56441,0.00794701986754967,0.0033112582781457
"273","0500000US26081","Kent County, Michigan",0.26180773104895,649278,245437,66532,0.0178868020953111,0.00574932924492143
"274","0500000US26087","Lapeer County, Michigan",0.0815800821588253,88122,33902,66263,NA,NA
"275","0500000US26091","Lenawee County, Michigan",0.132910685076249,98427,38499,53865,0.0340909090909091,0.0113636363636364
"276","0500000US26093","Livingston County, Michigan",0.0564915810374521,189869,73502,86512,NA,NA
"277","0500000US26099","Macomb County, Michigan",0.20800836389844,871364,351666,64947,0.00189880486987602,NA
"278","0500000US26103","Marquette County, Michigan",0.0776322319642669,66493,27981,55148,NA,NA
"279","0500000US26111","Midland County, Michigan",0.0840795064454953,83314,34350,69872,NA,NA
"280","0500000US26115","Monroe County, Michigan",0.0853936794491766,149449,60875,62839,0.00599400599400599,NA
"281","0500000US26121","Muskegon County, Michigan",0.236908635434363,173645,66148,50366,0.0256663376110563,0.0113524185587364
"282","0500000US26125","Oakland County, Michigan",0.279549782805315,1256016,508464,81190,0.00564042303172738,0.00125342734038386
"283","0500000US26139","Ottawa County, Michigan",0.160436316434097,286581,105004,68817,0.005,NA
"284","0500000US26145","Saginaw County, Michigan",0.305868257234392,191965,79050,48303,0.00578480524489009,0.00231392209795604
"285","0500000US26147","St. Clair County, Michigan",0.0878211377000723,159005,63806,59837,0.0137551581843191,NA
"286","0500000US26155","Shiawassee County, Michigan",0.0585964912280702,68400,26830,55249,0.00880626223091976,NA
"287","0500000US26159","Van Buren County, Michigan",0.187309934531161,75303,30974,60549,0.0159151193633952,0.00795755968169761
"288","0500000US26161","Washtenaw County, Michigan",0.296824626430626,368807,141680,76576,0.0051150895140665,NA
"289","0500000US26163","Wayne County, Michigan",0.503323721543782,1757217,689270,50753,0.0355423672931091,0.00992416749093307
"290","0500000US27003","Anoka County, Minnesota",0.185383905906003,350203,131858,83353,0.00231053604436229,NA
"291","0500000US27013","Blue Earth County, Minnesota",0.121899097375815,66916,26461,61133,NA,NA
"292","0500000US27019","Carver County, Minnesota",0.109941440294561,102118,38860,101434,NA,NA
"293","0500000US27035","Crow Wing County, Minnesota",0.0507638694421109,64278,28012,60534,NA,NA
"294","0500000US27037","Dakota County, Minnesota",0.213836657034812,421518,162895,88864,0.00153925089789636,NA
"295","0500000US27053","Hennepin County, Minnesota",0.310877856019207,1247847,517091,82369,0.00774128532820301,0.00155741835005268
"296","0500000US27109","Olmsted County, Minnesota",0.196591415848559,154727,65635,80096,0.0063006300630063,NA
"297","0500000US27123","Ramsey County, Minnesota",0.38078240219055,544886,206124,68871,0.0114951966499713,0.00270958206749323
"298","0500000US27131","Rice County, Minnesota",0.176883799625355,66196,22861,72469,0.00655200655200655,NA
"299","0500000US27137","St. Louis County, Minnesota",0.0886133608305218,199778,86448,60434,0.00667556742323097,0.00300400534045394
"300","0500000US27139","Scott County, Minnesota",0.186924107602982,145535,51474,108761,NA,NA
"301","0500000US27141","Sherburne County, Minnesota",0.0848786993522165,94476,32686,96210,NA,NA
"302","0500000US27145","Stearns County, Minnesota",0.139190529434432,158301,59776,66558,NA,NA
"303","0500000US27163","Washington County, Minnesota",0.171026054551718,255464,97059,100596,0.00237717908082409,NA
"304","0500000US27171","Wright County, Minnesota",0.0745352259602846,134205,49443,91707,NA,NA
"305","0500000US28033","DeSoto County, Mississippi",0.355593419178235,179005,65220,66078,NA,NA
"306","0500000US28035","Forrest County, Mississippi",0.43177433304504,75155,27340,39063,0.00658513640639699,NA
"307","0500000US28047","Harrison County, Mississippi",0.361713650068792,204966,74628,50119,0.0054249547920434,NA
"308","0500000US28049","Hinds County, Mississippi",0.755165069666443,239929,88471,44964,0.00546448087431694,NA
"309","0500000US28059","Jackson County, Mississippi",0.322181291565316,142246,56323,52476,NA,NA
"310","0500000US28067","Jones County, Mississippi",0.353563278918729,68364,24178,37594,NA,NA
"311","0500000US28075","Lauderdale County, Mississippi",0.473640068668178,76309,29367,37497,0.0191693290734824,NA
"312","0500000US28081","Lee County, Mississippi",0.345499641475944,85071,30378,49715,NA,NA
"313","0500000US28089","Madison County, Mississippi",0.443739004054157,104584,40046,68171,NA,NA
"314","0500000US28121","Rankin County, Mississippi",0.260025898603045,152904,57011,67012,NA,NA
"315","0500000US29019","Boone County, Missouri",0.209676875716244,178012,70721,57013,0.00348583877995643,NA
"316","0500000US29021","Buchanan County, Missouri",0.167099030002256,88660,33984,46922,0.0509641873278237,0.0151515151515152
"317","0500000US29031","Cape Girardeau County, Missouri",0.13914976808372,78261,31335,57908,0.0124688279301746,NA
"318","0500000US29037","Cass County, Missouri",0.119630449278584,103477,40544,72819,0.00531443755535872,NA
"319","0500000US29043","Christian County, Missouri",0.0658024170882519,85392,33227,62765,0.00647249190938511,NA
"320","0500000US29047","Clay County, Missouri",0.187636840434261,242527,93066,70253,0.00687285223367698,NA
"321","0500000US29051","Cole County, Missouri",0.184139784946237,76632,31437,61371,0.0121212121212121,NA
"322","0500000US29071","Franklin County, Missouri",0.0486473406572133,103315,42161,60953,0.0140350877192982,0.00701754385964912
"323","0500000US29077","Greene County, Missouri",0.123566553372572,289512,133900,43752,0.00936914428482199,0.00312304809494066
"324","0500000US29095","Jackson County, Missouri",0.37545267536873,698072,292571,57936,0.0285968171904031,0.0083205428548348
"325","0500000US29097","Jasper County, Missouri",0.15739537518326,120048,45019,45010,0.014546965918537,0.00540315876974231
"326","0500000US29099","Jefferson County, Missouri",0.0550031505704544,223769,83841,69009,0.00685358255451713,NA
"327","0500000US29165","Platte County, Missouri",0.188143285116817,101141,40332,81712,NA,NA
"328","0500000US29183","St. Charles County, Missouri",0.12774276820287,395130,150668,89146,0.0046535677352637,NA
"329","0500000US29187","St. Francois County, Missouri",0.0827458979512253,66674,24021,42390,0.0540123456790123,0.0123456790123457
"330","0500000US29189","St. Louis County, Missouri",0.338394763442468,996227,410842,70022,0.0100348432055749,0.00209059233449477
"331","0500000US29510","St. Louis city, Missouri",0.560747875795259,308233,146779,47176,0.0535084280674245,0.0132301058408467
"332","0500000US33005","Cheshire County, New Hampshire",0.0583968510985612,75963,29698,66088,0.0131687242798354,0.00576131687242798
"333","0500000US33009","Grafton County, New Hampshire",0.0924510033053988,89853,35780,60588,0.0189125295508274,0.00709219858156028
"334","0500000US33011","Hillsborough County, New Hampshire",0.154282146349019,413204,162588,83626,0.0237453688110475,0.00673627484001347
"335","0500000US33013","Merrimack County, New Hampshire",0.0753921110592004,149830,60017,76218,0.0329127811300055,0.00822819528250137
"336","0500000US33015","Rockingham County, New Hampshire",0.0739722632545187,306669,124212,91249,0.00609080841638981,NA
"337","0500000US33017","Strafford County, New Hampshire",0.0939302685592378,129841,50584,71765,0.0196987253765933,0.00753186558516802
"338","0500000US34001","Atlantic County, New Jersey",0.435939253779689,265498,101975,63389,0.0109216835375599,0.0026638252530634
"339","0500000US34003","Bergen County, New Jersey",0.433087020870423,932420,343733,108827,0.00804368681278135,0.00206626817209062
"340","0500000US34005","Burlington County, New Jersey",0.323787616974484,445610,170074,88797,0.00920069005175388,0.00345025876940771
"341","0500000US34007","Camden County, New Jersey",0.431289310660893,506224,187780,73672,0.0164981373070782,0.00319318786588611
"342","0500000US34009","Cape May County, New Jersey",0.146334654081972,93129,40939,69980,NA,NA
"343","0500000US34011","Cumberland County, New Jersey",0.535176294222146,151423,51360,54587,0.039240112114606,0.00622858922454064
"344","0500000US34013","Essex County, New Jersey",0.689438926902652,796349,295976,64626,0.0420752565564424,0.00851387305207146
"345","0500000US34015","Gloucester County, New Jersey",0.214320819628747,290961,106705,89447,0.0115068493150685,0.00438356164383562
"346","0500000US34017","Hudson County, New Jersey",0.710749881841665,672826,266664,78808,0.0247433819556996,0.00740140464613722
"347","0500000US34019","Hunterdon County, New Jersey",0.141926999807557,124712,47901,116155,NA,NA
"348","0500000US34021","Mercer County, New Jersey",0.502181069511745,368168,130851,79492,0.0336455081512314,0.00624349635796046
"349","0500000US34023","Middlesex County, New Jersey",0.568334576238,827363,285906,93418,0.0194101336022183,0.00462146038148055
"350","0500000US34025","Monmouth County, New Jersey",0.246204922908728,621990,240377,102870,0.0185627900435944,0.00393756152439882
"351","0500000US34027","Morris County, New Jersey",0.285274943310658,493920,184885,116283,0.012975588299978,0.00329887838135034
"352","0500000US34029","Ocean County, New Jersey",0.15197741441393,595424,226725,76093,0.00290432329267281,0.00091278732055431
"353","0500000US34031","Passaic County, New Jersey",0.584841059313801,504402,168059,77040,0.0283297806504848,0.00550092828164753
"354","0500000US34033","Salem County, New Jersey",0.256698948841499,62883,24404,68531,0.028604118993135,0.0091533180778032
"355","0500000US34035","Somerset County, New Jersey",0.434433544179349,330573,122606,111587,0.0143798681845416,0.00539245056920312
"356","0500000US34037","Sussex County, New Jersey",0.136143119188085,141197,54099,101130,NA,NA
"357","0500000US34039","Union County, New Jersey",0.593880354329431,554738,192848,80339,0.0196926749216769,0.00537072952409369
"358","0500000US34041","Warren County, New Jersey",0.18146904412808,105715,42397,84479,0.0267857142857143,NA
"359","0500000US35001","Bernalillo County, New Mexico",0.611327286962753,678203,271307,56115,0.00378071833648393,NA
"360","0500000US35005","Chaves County, New Mexico",0.607375537799631,65080,24671,42003,NA,NA
"361","0500000US35013","Doña Ana County, New Mexico",0.726239048174156,216174,79094,43038,NA,NA
"362","0500000US35025","Lea County, New Mexico",0.643715783680445,69046,24478,68457,NA,NA
"363","0500000US35031","McKinley County, New Mexico",0.913425293069881,72423,21719,37153,0.0227848101265823,NA
"364","0500000US35035","Otero County, New Mexico",0.510503470909393,66121,24133,39371,NA,NA
"365","0500000US35043","Sandoval County, New Mexico",0.564570499477886,142689,53251,71997,NA,NA
"366","0500000US35045","San Juan County, New Mexico",0.616820441705997,126917,42561,44321,0.0101010101010101,NA
"367","0500000US35049","Santa Fe County, New Mexico",0.570723321136389,149491,62182,61298,NA,NA
"368","0500000US35061","Valencia County, New Mexico",0.67058932054188,75884,24829,60601,NA,NA
"369","0500000US36001","Albany County, New York",0.277173506826077,307717,128284,69953,0.049736564805058,0.0172813487881981
"370","0500000US36007","Broome County, New York",0.166183324702227,193100,79309,52010,0.032829214312062,0.0118037624492807
"371","0500000US36009","Cattaraugus County, New York",0.0941613973255935,77176,33056,50912,0.0479256080114449,0.011444921316166
"372","0500000US36011","Cayuga County, New York",0.0982738809920343,77457,31489,58665,0.034618410700236,0.00550747442958301
"373","0500000US36013","Chautauqua County, New York",0.124240488580064,128372,55345,50272,0.0390893470790378,0.0128865979381443
"374","0500000US36015","Chemung County, New York",0.136105079305136,84736,33490,60782,0.0335616438356164,0.013013698630137
"375","0500000US36019","Clinton County, New York",0.100209857073673,80531,31422,60198,0.00479233226837061,NA
"376","0500000US36027","Dutchess County, New York",0.28217479432455,293545,110529,85901,0.0198907103825137,0.00699453551912568
"377","0500000US36029","Erie County, New York",0.244345693412866,919034,398326,60652,0.0560849712130236,0.0205975779233671
"378","0500000US36045","Jefferson County, New York",0.184425179175835,113157,41214,53917,0.030775379696243,0.00919264588329336
"379","0500000US36051","Livingston County, New York",0.0915363168092245,63483,23409,59173,0.0336817653890825,0.00929152148664344
"380","0500000US36053","Madison County, New York",0.0678300583575315,70942,25986,62918,0.0452488687782805,0.0101809954751131
"381","0500000US36055","Monroe County, New York",0.293522223598537,742724,305284,62103,0.0315065280275193,0.00820889688061919
"382","0500000US36059","Nassau County, New York",0.396660116864966,1357293,449798,118453,0.00645264847512038,0.00134831460674157
"383","0500000US36063","Niagara County, New York",0.144587570192745,210848,90625,56304,0.0257675438596491,0.00904605263157895
"384","0500000US36065","Oneida County, New York",0.17953923942768,230011,90273,57391,0.117129316181449,0.0313698939291356
"385","0500000US36067","Onondaga County, New York",0.230197381955197,461795,183218,61577,0.0463461538461538,0.0149038461538462
"386","0500000US36069","Ontario County, New York",0.0996275265204769,109538,46025,66568,0.0291525423728814,0.0088135593220339
"387","0500000US36071","Orange County, New York",0.35440464717004,379758,131421,84458,0.0165579528349222,0.00464124435524335
"388","0500000US36075","Oswego County, New York",0.0593867952409501,118427,46640,58459,0.0347003154574132,0.00736067297581493
"389","0500000US36079","Putnam County, New York",0.211408513393218,98856,34470,106204,0.0104968509447166,NA
"390","0500000US36083","Rensselaer County, New York",0.167192211055276,159200,65790,71574,0.0435643564356436,0.0166336633663366
"391","0500000US36087","Rockland County, New York",0.365301797167167,324622,101424,100916,0.00986912679682472,0.00268182793391976
"392","0500000US36089","St. Lawrence County, New York",0.0794303535451109,108699,42832,52108,0.05,0.00970149253731343
"393","0500000US36091","Saratoga County, New York",0.0959367748913973,229276,93547,89932,0.00711837595570788,0.00184550487740575
"394","0500000US36093","Schenectady County, New York",0.260312843384397,154710,62534,65773,0.0333450333450333,0.00877500877500877
"395","0500000US36101","Steuben County, New York",0.0629306766293067,96360,39283,52951,0.0342741935483871,0.0114247311827957
"396","0500000US36103","Suffolk County, New York",0.320737138303767,1483358,499744,106228,0.00695410292072323,0.00186767335585138
"397","0500000US36105","Sullivan County, New York",0.277835560178148,74994,28960,60137,0.026890756302521,0.00756302521008403
"398","0500000US36109","Tompkins County, New York",0.226486402244214,102664,40322,58626,0.0167151162790698,0.00508720930232558
"399","0500000US36111","Ulster County, New York",0.206476894225656,178635,69376,64087,0.0436662343277129,0.0134025075659317
"400","0500000US36113","Warren County, New York",0.0619280664957663,64365,29593,64985,0.0165593376264949,0.00643974241030359
"401","0500000US36117","Wayne County, New York",0.0995808866624645,90429,36634,61730,0.0411931818181818,0.00710227272727273
"402","0500000US36119","Westchester County, New York",0.462285330657561,969689,355136,101908,0.0182170717409929,0.00428371736483744
"403","0500000US37001","Alamance County, North Carolina",0.357682696783361,163276,64316,58490,0.00861008610086101,0.003690036900369
"404","0500000US37019","Brunswick County, North Carolina",0.180010545701862,130859,58385,63668,NA,NA
"405","0500000US37021","Buncombe County, North Carolina",0.163075570562218,257071,106741,54970,0.00790513833992095,NA
"406","0500000US37023","Burke County, North Carolina",0.184400545714698,90157,36634,47361,0.0155339805825243,NA
"407","0500000US37025","Cabarrus County, North Carolina",0.339869944151352,206988,68798,72333,0.006875,0.004375
"408","0500000US37027","Caldwell County, North Carolina",0.125749087669193,81933,32513,48737,NA,NA
"409","0500000US37031","Carteret County, North Carolina",0.134980629996663,68921,28962,60186,NA,NA
"410","0500000US37035","Catawba County, North Carolina",0.243874008564985,157852,62417,52436,0.00694444444444444,NA
"411","0500000US37037","Chatham County, North Carolina",0.280253971821489,71189,30674,66857,NA,NA
"412","0500000US37045","Cleveland County, North Carolina",0.269246607778945,97134,30599,44987,0.0090403337969402,NA
"413","0500000US37049","Craven County, North Carolina",0.340104593529251,102492,42221,52832,0.00426338228327807,NA
"414","0500000US37051","Cumberland County, North Carolina",0.564838033317824,330994,128135,46292,0.00520833333333333,NA
"415","0500000US37057","Davidson County, North Carolina",0.198389635549098,165180,69938,53473,0.00606060606060606,NA
"416","0500000US37063","Durham County, North Carolina",0.574401014886931,312153,131140,65317,0.00572792362768496,NA
"417","0500000US37067","Forsyth County, North Carolina",0.430744465730098,375840,148151,52017,0.00802568218298555,0.00180577849117175
"418","0500000US37069","Franklin County, North Carolina",0.363585518857229,66155,26720,57099,NA,NA
"419","0500000US37071","Gaston County, North Carolina",0.273495829843027,219656,85705,56595,0.00644405389572349,NA
"420","0500000US37081","Guilford County, North Carolina",0.494071857080927,528243,206950,55328,0.00492997198879552,0.00134453781512605
"421","0500000US37085","Harnett County, North Carolina",0.384848370406737,132395,46416,55753,0.0141843971631206,0.00425531914893617
"422","0500000US37089","Henderson County, North Carolina",0.16526350506874,115216,51115,62131,NA,NA
"423","0500000US37097","Iredell County, North Carolina",0.238552899780225,175634,68145,68660,0.00309278350515464,NA
"424","0500000US37101","Johnston County, North Carolina",0.319675720818438,196374,73567,60951,NA,NA
"425","0500000US37109","Lincoln County, North Carolina",0.149109100379132,82557,34418,71514,NA,NA
"426","0500000US37119","Mecklenburg County, North Carolina",0.530307162043839,1078128,426313,69072,0.00588561910049972,0.00144364242087729
"427","0500000US37125","Moore County, North Carolina",0.228144770355764,97368,41530,62469,0.00398633257403189,NA
"428","0500000US37127","Nash County, North Carolina",0.501749646348079,94019,37574,50656,0.00822819528250137,0.00329127811300055
"429","0500000US37129","New Hanover County, North Carolina",0.227357385191144,228728,100189,56382,0.01161995898838,NA
"430","0500000US37133","Onslow County, North Carolina",0.339192888560795,195066,63604,49544,0.00409556313993174,0.00204778156996587
"431","0500000US37135","Orange County, North Carolina",0.30455488560567,143626,55259,74299,0.00586510263929619,NA
"432","0500000US37147","Pitt County, North Carolina",0.453683226301321,178607,70926,53401,0.00657894736842105,NA
"433","0500000US37151","Randolph County, North Carolina",0.207617609429728,143037,56117,49742,0.00364132908511607,NA
"434","0500000US37155","Robeson County, North Carolina",0.74802075007917,132626,46272,35035,0.0101892285298399,NA
"435","0500000US37157","Rockingham County, North Carolina",0.274256258880285,90791,38462,43230,0.0091533180778032,NA
"436","0500000US37159","Rowan County, North Carolina",0.278962067884522,140356,55241,51927,0.0163934426229508,NA
"437","0500000US37161","Rutherford County, North Carolina",0.166258323437899,66529,27970,44361,NA,NA
"438","0500000US37171","Surry County, North Carolina",0.160774959435284,72107,28408,49250,NA,NA
"439","0500000US37179","Union County, North Carolina",0.277302787983575,231350,77954,85985,0.00571679859278804,NA
"440","0500000US37183","Wake County, North Carolina",0.397427092878084,1071706,419361,84215,0.00640904806786051,0.00226201696512724
"441","0500000US37191","Wayne County, North Carolina",0.463375977372109,123034,48482,44596,0.0119047619047619,NA
"442","0500000US37193","Wilkes County, North Carolina",0.127144504957,68489,28376,43290,NA,NA
"443","0500000US37195","Wilson County, North Carolina",0.527150154722727,81436,32384,38830,0.00693756194251734,NA
"444","0500000US39003","Allen County, Ohio",0.192234196308188,103093,40460,60429,0.0421686746987952,0.0111876075731497
"445","0500000US39007","Ashtabula County, Ohio",0.104615951221508,97748,39490,44580,0.0437810945273632,0.00895522388059702
"446","0500000US39009","Athens County, Ohio",0.104281009879254,66503,22659,41851,0.0161104718066743,NA
"447","0500000US39013","Belmont County, Ohio",0.0723655186612159,68002,25651,49780,0.02,NA
"448","0500000US39017","Butler County, Ohio",0.188522544251682,380607,140141,68584,0.0128284709290296,0.00413821642871922
"449","0500000US39023","Clark County, Ohio",0.158849192487495,134549,54406,50128,0.0575575575575576,0.021021021021021
"450","0500000US39025","Clermont County, Ohio",0.0642808185645746,204260,80041,67744,0.00745871070857752,NA
"451","0500000US39029","Columbiana County, Ohio",0.0596922240981157,103062,40560,53542,0.022667829119442,0.00610287707061901
"452","0500000US39035","Cuyahoga County, Ohio",0.409127744010209,1247581,549471,52423,0.095356738391846,0.0314382785956965
"453","0500000US39041","Delaware County, Ohio",0.148190371882312,200870,73290,107854,NA,NA
"454","0500000US39043","Erie County, Ohio",0.166305510968432,74760,30308,60653,0.017329255861366,0.00611620795107034
"455","0500000US39045","Fairfield County, Ohio",0.137775881463093,154686,59031,71469,0.00675675675675676,NA
"456","0500000US39049","Franklin County, Ohio",0.368300514855154,1295510,522383,64713,0.00737723466847703,0.00194614166100928
"457","0500000US39055","Geauga County, Ohio",0.0443646744282655,93881,35439,77391,NA,NA
"458","0500000US39057","Greene County, Ohio",0.15936025359317,166566,66154,67394,0.00302724520686176,NA
"459","0500000US39061","Hamilton County, Ohio",0.346552931206013,814170,347235,60198,0.0312081761771505,0.00955104027253924
"460","0500000US39063","Hancock County, Ohio",0.107840943493083,75973,32490,60944,0.0429906542056075,NA
"461","0500000US39081","Jefferson County, Ohio",0.0954944358997557,66318,27515,47445,0.064066852367688,0.0222841225626741
"462","0500000US39085","Lake County, Ohio",0.116988690427053,230159,96967,64076,0.0113122171945701,NA
"463","0500000US39089","Licking County, Ohio",0.0958719480235231,173617,66604,66013,0.00983864620228257,0.00314836678473042
"464","0500000US39093","Lorain County, Ohio",0.21691966913977,307441,120299,58686,0.0248618784530387,0.00621546961325967
"465","0500000US39095","Lucas County, Ohio",0.311932330949172,431039,182105,49448,0.0546982167352538,0.0138888888888889
"466","0500000US39099","Mahoning County, Ohio",0.239078118812312,229791,100057,47170,0.0311862430778199,0.0122413290585835
"467","0500000US39101","Marion County, Ohio",0.116110394000861,65076,25013,50608,0.0247718383311604,0.00782268578878748
"468","0500000US39103","Medina County, Ohio",0.0604683010057471,178176,70450,76468,NA,NA
"469","0500000US39109","Miami County, Ohio",0.076787072243346,105200,41273,62451,0.0196820590461771,0.00529901589704769
"470","0500000US39113","Montgomery County, Ohio",0.291278668289847,531467,224831,54537,0.0124127230411171,0.00400827514869408
"471","0500000US39119","Muskingum County, Ohio",0.0838568094469537,86123,33342,51844,0.0231566118220597,0.00731261425959781
"472","0500000US39133","Portage County, Ohio",0.103912650101863,162473,61018,56679,0.00814663951120163,NA
"473","0500000US39139","Richland County, Ohio",0.141982894627585,120430,49812,51783,0.0181733457595527,NA
"474","0500000US39141","Ross County, Ohio",0.104832136619445,77295,28365,55717,0.0175746924428823,0.0105448154657293
"475","0500000US39145","Scioto County, Ohio",0.0659945245867116,75976,29319,45571,0.0277502477700694,0.00792864222001982
"476","0500000US39151","Stark County, Ohio",0.134410206369303,372003,154280,55499,0.0193210545323221,0.00668111231491513
"477","0500000US39153","Summit County, Ohio",0.229674579050588,541514,224629,57364,0.0147910760507827,0.00295821521015654
"478","0500000US39155","Trumbull County, Ohio",0.128299738866892,200281,84159,47087,0.0122432859399684,0.00394944707740916
"479","0500000US39157","Tuscarawas County, Ohio",0.0551631494561685,92308,36788,53616,0.0140686550365785,0.0056274620146314
"480","0500000US39165","Warren County, Ohio",0.136509713216358,228709,84460,90837,0.00803212851405622,NA
"481","0500000US39169","Wayne County, Ohio",0.0627022932304938,116168,44589,57458,0.0111111111111111,NA
"482","0500000US39173","Wood County, Ohio",0.117083342916504,130437,51353,63791,0.00657108721624851,NA
"483","0500000US40017","Canadian County, Oklahoma",0.235869743787544,140001,46005,73635,NA,NA
"484","0500000US40027","Cleveland County, Oklahoma",0.280261999985691,279542,108673,64290,NA,NA
"485","0500000US40031","Comanche County, Oklahoma",0.438983134350418,121786,41843,51300,NA,NA
"486","0500000US40037","Creek County, Oklahoma",0.238600639866463,71890,26561,54969,0.038961038961039,NA
"487","0500000US40101","Muskogee County, Oklahoma",0.439277384211975,69027,26842,42450,0.0787037037037037,NA
"488","0500000US40109","Oklahoma County, Oklahoma",0.438923859004565,786068,305493,56235,0.0295566502463054,0.00766283524904215
"489","0500000US40119","Payne County, Oklahoma",0.230307173902427,81908,31788,41272,0.0363636363636364,NA
"490","0500000US40125","Pottawatomie County, Oklahoma",0.276234674793932,72185,25655,53511,0.100671140939597,0.0402684563758389
"491","0500000US40131","Rogers County, Oklahoma",0.281478646032701,91435,35531,66132,NA,NA
"492","0500000US40143","Tulsa County, Oklahoma",0.379237265193669,646437,255352,57483,0.0267131242740999,0.00871080139372822
"493","0500000US40145","Wagoner County, Oklahoma",0.282550896384078,78984,29837,64319,NA,NA
"494","0500000US42001","Adams County, Pennsylvania",0.108773229851212,102562,38703,67715,0.0449069003285871,0.0120481927710843
"495","0500000US42003","Allegheny County, Pennsylvania",0.213283546737631,1220141,553858,64871,0.0404185988219075,0.00952500313322471
"496","0500000US42005","Armstrong County, Pennsylvania",0.0290797229925293,65991,29095,57636,0.104143337066069,0.019036954087346
"497","0500000US42007","Beaver County, Pennsylvania",0.104452654327695,165654,70745,60672,0.0817757009345794,0.0155763239875389
"498","0500000US42011","Berks County, Pennsylvania",0.281618927405506,417511,154696,67708,0.0701345755693582,0.0232919254658385
"499","0500000US42013","Blair County, Pennsylvania",0.0525550764533443,123147,52497,51004,0.0999107939339875,0.0258697591436218
"500","0500000US42017","Bucks County, Pennsylvania",0.157851409755094,626811,240491,93767,0.0101035615054307,0.0030310684516292
"501","0500000US42019","Butler County, Pennsylvania",0.0520853405271159,186828,77920,72262,0.0419657647708448,0.0132523467697405
"502","0500000US42021","Cambria County, Pennsylvania",0.0713146811070999,132960,56490,49076,0.110355253212396,0.0204081632653061
"503","0500000US42025","Carbon County, Pennsylvania",0.0817352885880804,63828,27107,61111,0.0954063604240283,0.0300353356890459
"504","0500000US42027","Centre County, Pennsylvania",0.144612977155672,162316,58963,60706,0.0237430167597765,NA
"505","0500000US42029","Chester County, Pennsylvania",0.204339556100297,518901,193234,102016,0.0426264800861141,0.00990312163616792
"506","0500000US42033","Clearfield County, Pennsylvania",0.0689357009486334,79799,31990,45643,0.0487804878048781,0.010840108401084
"507","0500000US42037","Columbia County, Pennsylvania",0.0671840929537518,65581,26219,54570,0.0635359116022099,0.0276243093922652
"508","0500000US42039","Crawford County, Pennsylvania",0.0513920626777969,85772,35387,49428,0.0949367088607595,0.0253164556962025
"509","0500000US42041","Cumberland County, Pennsylvania",0.141464276535595,249024,101823,75391,0.0443037974683544,0.0116033755274262
"510","0500000US42043","Dauphin County, Pennsylvania",0.341302944355383,275714,113905,60733,0.080306905370844,0.0168797953964194
"511","0500000US42045","Delaware County, Pennsylvania",0.330737526114731,563858,209502,77339,0.0306603773584906,0.00707547169811321
"512","0500000US42049","Erie County, Pennsylvania",0.155509983257664,273558,110128,51818,0.0608354359405663,0.0134566862910008
"513","0500000US42051","Fayette County, Pennsylvania",0.0815709509629957,131309,54955,48509,0.0124740124740125,0.00623700623700624
"514","0500000US42055","Franklin County, Pennsylvania",0.119131212105509,154376,60260,62484,0.07543391188251,0.014018691588785
"515","0500000US42063","Indiana County, Pennsylvania",0.0595565415432543,84743,30704,51914,0.0705725699067909,0.0306258322237017
"516","0500000US42069","Lackawanna County, Pennsylvania",0.146879796247107,210451,88154,53826,0.117647058823529,0.0315126050420168
"517","0500000US42071","Lancaster County, Pennsylvania",0.179405614299543,541332,204701,67376,0.0335549224438113,0.0107628996517885
"518","0500000US42073","Lawrence County, Pennsylvania",0.0787442516118596,86546,37282,50547,0.0287878787878788,NA
"519","0500000US42075","Lebanon County, Pennsylvania",0.176477753971609,139553,53861,61204,0.0832420591456736,0.0219058050383352
"520","0500000US42077","Lehigh County, Pennsylvania",0.354554580840698,365577,137847,65667,0.288716177317214,0.0210132412204951
"521","0500000US42079","Luzerne County, Pennsylvania",0.184205558072799,317808,130890,53972,0.0628714419768533,0.0159524554269628
"522","0500000US42081","Lycoming County, Pennsylvania",0.0924200961302319,114012,44842,53881,0.0586145648312611,0.0177619893428064
"523","0500000US42085","Mercer County, Pennsylvania",0.0984722757977268,111473,46427,54543,0.0526881720430108,0.0118279569892473
"524","0500000US42089","Monroe County, Pennsylvania",0.337728937728938,167895,56274,62413,0.0121951219512195,NA
"525","0500000US42091","Montgomery County, Pennsylvania",0.241056989966068,824303,321373,92302,0.0285231116121759,0.00958286358511838
"526","0500000US42095","Northampton County, Pennsylvania",0.231736354899753,302801,114950,74328,0.107234479220113,0.0143663417136993
"527","0500000US42097","Northumberland County, Pennsylvania",0.0737889905256157,91721,38592,47349,0.0785123966942149,0.0268595041322314
"528","0500000US42101","Philadelphia County, Pennsylvania",0.653584933832131,1580601,619505,47474,0.0289297275252976,0.00764662401549716
"529","0500000US42107","Schuylkill County, Pennsylvania",0.088974610744845,142580,58242,56295,0.106612685560054,0.0323886639676113
"530","0500000US42111","Somerset County, Pennsylvania",0.0569893052450096,74242,29456,48895,0.06,0.0145454545454545
"531","0500000US42125","Washington County, Pennsylvania",0.0771507907762888,207075,86716,65431,0.0512367491166078,0.0141342756183746
"532","0500000US42129","Westmoreland County, Pennsylvania",0.061001801105663,352006,155147,59073,0.040407358738502,0.0101839684625493
"533","0500000US42133","York County, Pennsylvania",0.164501979869086,445484,175441,69172,0.0620306888671237,0.0179562520404832
"534","0500000US44003","Kent County, Rhode Island",0.11274710626563,163543,70166,74474,0.0131147540983607,0.00229508196721311
"535","0500000US44005","Newport County, Rhode Island",0.141768733725528,82952,33690,81652,0.0193591455273698,NA
"536","0500000US44007","Providence County, Rhode Island",0.383673694668286,634130,237518,62994,0.0400046720784909,0.0089937510950184
"537","0500000US44009","Washington County, Rhode Island",0.088921259717846,126314,48051,90003,0.0122950819672131,NA
"538","0500000US47001","Anderson County, Tennessee",0.106684548227622,76056,30175,49044,NA,NA
"539","0500000US47009","Blount County, Tennessee",0.0899545381118316,129999,50813,59276,NA,NA
"540","0500000US47011","Bradley County, Tennessee",0.140095426907352,105421,39992,52468,NA,NA
"541","0500000US47037","Davidson County, Tennessee",0.437047320925725,687159,289427,63938,0.00577118931764173,0.00135792689826864
"542","0500000US47059","Greene County, Tennessee",0.0693974222984264,68821,28323,44722,NA,NA
"543","0500000US47065","Hamilton County, Tennessee",0.288689091271688,361032,148157,57502,0.00325732899022801,NA
"544","0500000US47093","Knox County, Tennessee",0.175635067650277,461565,191925,60283,0.00313526425798746,0.00149298297999403
"545","0500000US47113","Madison County, Tennessee",0.441015068057564,97491,38930,49820,NA,NA
"546","0500000US47119","Maury County, Tennessee",0.206121187809664,92237,37104,66781,NA,NA
"547","0500000US47125","Montgomery County, Tennessee",0.363366054131981,199771,76974,56948,0.00366300366300366,NA
"548","0500000US47141","Putnam County, Tennessee",0.115719478906584,77299,31778,49282,NA,NA
"549","0500000US47147","Robertson County, Tennessee",0.166491297918326,70328,26577,66939,NA,NA
"550","0500000US47149","Rutherford County, Tennessee",0.290369663634841,316531,113797,69397,0.00221099178774479,NA
"551","0500000US47155","Sevier County, Tennessee",0.0995611826487303,97307,37933,57741,NA,NA
"552","0500000US47157","Shelby County, Tennessee",0.640830108708785,935251,353950,52614,0.00565045992115637,0.00144546649145861
"553","0500000US47163","Sullivan County, Tennessee",0.0647765797456094,156924,68560,51860,0.00411522633744856,NA
"554","0500000US47165","Sumner County, Tennessee",0.157110516119202,183756,70098,68743,NA,NA
"555","0500000US47179","Washington County, Tennessee",0.112857848169714,127603,55817,51428,0.00311688311688312,NA
"556","0500000US47187","Williamson County, Tennessee",0.152467617497169,226048,84393,115507,NA,NA
"557","0500000US47189","Wilson County, Tennessee",0.147383514642515,136691,51618,80071,NA,NA
"558","0500000US51003","Albemarle County, Virginia",0.230346670625789,107768,43754,86399,0.043046357615894,NA
"559","0500000US51013","Arlington County, Virginia",0.382050484344569,234647,111887,119755,NA,NA
"560","0500000US51015","Augusta County, Virginia",0.0909054631070674,75177,29951,62668,NA,NA
"561","0500000US51019","Bedford County, Virginia",0.121220240373574,78378,31390,69125,NA,NA
"562","0500000US53005","Benton County, Washington",0.295438950554995,198200,73678,72084,NA,NA
"563","0500000US53007","Chelan County, Washington",0.320938949906944,76298,28974,59161,NA,NA
"564","0500000US53009","Clallam County, Washington",0.172415616695533,75637,33022,57126,NA,NA
"565","0500000US53011","Clark County, Washington",0.213596244368978,474381,180862,80555,NA,NA
"566","0500000US53015","Cowlitz County, Washington",0.161649735499274,106805,42790,55497,NA,NA
"567","0500000US53021","Franklin County, Washington",0.594563419517716,91896,28162,61951,NA,NA
"568","0500000US53025","Grant County, Washington",0.461340016988789,95357,30866,56997,NA,NA
"569","0500000US53027","Grays Harbor County, Washington",0.202855566285005,72490,29920,61026,NA,NA
"570","0500000US53029","Island County, Washington",0.206114114114114,83250,35586,72066,NA,NA
"571","0500000US53033","King County, Washington",0.401523979098263,2203836,907761,102594,0.0156223467481746,0.00373577857021566
"572","0500000US53035","Kitsap County, Washington",0.232018596337062,266289,107525,79624,NA,NA
"573","0500000US53041","Lewis County, Washington",0.165053626149132,78320,31879,58911,NA,NA
"574","0500000US53045","Mason County, Washington",0.19411672419203,63740,24820,63983,NA,NA
"575","0500000US53053","Pierce County, Washington",0.330747089196434,879654,333657,79243,0.00451722190852626,NA
"576","0500000US53057","Skagit County, Washington",0.255291593834419,125860,49043,67175,NA,NA
"577","0500000US53061","Snohomish County, Washington",0.301361818950266,802089,299827,89260,NA,NA
"578","0500000US53063","Spokane County, Washington",0.153414698302886,505623,211723,59974,0.00957854406130268,NA
"579","0500000US53067","Thurston County, Washington",0.247765539535232,280269,112909,78512,NA,NA
"580","0500000US53073","Whatcom County, Washington",0.209547897565602,221410,88794,69372,NA,NA
"581","0500000US54003","Berkeley County, West Virginia",0.156031388770607,115073,46395,62370,NA,NA
"582","0500000US54011","Cabell County, West Virginia",0.0990767797399738,94452,38040,40788,0.014903129657228,NA
"583","0500000US54033","Harrison County, West Virginia",0.0583314925263235,67905,25905,54314,0.0121951219512195,NA
"584","0500000US54039","Kanawha County, West Virginia",0.122992611173215,183385,78384,47759,NA,NA
"585","0500000US54061","Monongalia County, West Virginia",0.117543627460248,105782,40401,55940,NA,NA
"586","0500000US54081","Raleigh County, West Virginia",0.125542855620387,75066,31331,46540,0.00935672514619883,NA
"587","0500000US54107","Wood County, West Virginia",0.0480837056195627,85060,34182,47944,0.0223880597014925,NA
"588","0500000US55009","Brown County, Wisconsin",0.190157471290714,261762,107385,64458,0.00574830630260727,NA
"589","0500000US55025","Dane County, Wisconsin",0.204728599524051,537453,229760,77504,0.00485799701046338,NA
"590","0500000US55027","Dodge County, Wisconsin",0.101522148110142,87705,35104,61300,0.0137130801687764,0.00632911392405063
"591","0500000US55035","Eau Claire County, Wisconsin",0.0999015272923867,103582,41385,65662,0.00940438871473354,NA
"592","0500000US55039","Fond du Lac County, Wisconsin",0.103869474794224,102417,42604,65329,0.0242718446601942,0.0105177993527508
"593","0500000US55055","Jefferson County, Wisconsin",0.102356814936329,84733,32783,71708,0.0197309417040359,0.00538116591928251
"594","0500000US55059","Kenosha County, Wisconsin",0.240508208795647,168356,64187,65997,0.0100778744846541,0.00458085203847916
"595","0500000US55063","La Crosse County, Wisconsin",0.101259817169775,118033,48175,58921,0.0122605363984674,NA
"596","0500000US55071","Manitowoc County, Wisconsin",0.0938949923513571,79099,33831,60785,0.0230202578268877,0.00920810313075507
"597","0500000US55073","Marathon County, Wisconsin",0.113154475386115,135452,54765,65851,0.0156017830609212,NA
"598","0500000US55079","Milwaukee County, Wisconsin",0.486003586719036,950172,383665,53418,0.0394216086509396,0.0135872105706005
"599","0500000US55087","Outagamie County, Wisconsin",0.123466224652344,185816,74974,66234,0.00997375328083989,0.0047244094488189
"600","0500000US55089","Ozaukee County, Wisconsin",0.0849586739481927,88443,35795,88154,0.00794551645856981,NA
"601","0500000US55097","Portage County, Wisconsin",0.0880889959611706,70565,29063,56358,NA,NA
"602","0500000US55101","Racine County, Wisconsin",0.27899399974467,195825,78905,60779,0.0242090784044016,0.00742778541953232
"603","0500000US55105","Rock County, Wisconsin",0.171067476341666,162205,65316,61243,0.0193236714975845,0.00628019323671498
"604","0500000US55109","St. Croix County, Wisconsin",0.0600722673893406,88560,34731,85594,NA,NA
"605","0500000US55117","Sheboygan County, Wisconsin",0.157877816298691,115089,48691,60706,0.0261818181818182,0.00654545454545455
"606","0500000US55127","Walworth County, Wisconsin",0.145843461351483,102850,42799,63549,0.0133647798742138,NA
"607","0500000US55131","Washington County, Wisconsin",0.0710961239161046,134930,55256,80513,0.010958904109589,NA
"608","0500000US55133","Waukesha County, Wisconsin",0.114390407559011,400899,160635,90548,0.00731058927780239,0.00287992910943731
"609","0500000US55139","Winnebago County, Wisconsin",0.112392455133397,170394,71238,58347,0.0196979645436638,0.00459619172685489
"610","0500000US55141","Wood County, Wisconsin",0.0769736301651195,73038,32684,56278,0.00915750915750916,NA
